Company Name,Industry,Symbol,Series,Type,SymbolNS
Adani Ports and Special Economic Zone Ltd.,Services,ADANIPORTS,EQ,N50,ADANIPORTS.NS
Apollo Hospitals Enterprise Ltd.,Healthcare,APOLLOHOSP,EQ,N50,APOLLOHOSP.NS
Asian Paints Ltd.,Consumer Durables,ASIANPAINT,EQ,N50,ASIANPAINT.NS
Axis Bank Ltd.,Financial Services,AXISBANK,EQ,N50,AXISBANK.NS
Bajaj Auto Ltd.,Automobile and Auto Components,BAJAJ-AUTO,EQ,N50,BAJAJ-AUTO.NS
Bajaj Finance Ltd.,Financial Services,BAJFINANCE,EQ,N50,BAJFINANCE.NS
Bajaj Finserv Ltd.,Financial Services,BAJAJFINSV,EQ,N50,BAJAJFINSV.NS
Bharat Petroleum Corporation Ltd.,Oil Gas & Consumable Fuels,BPCL,EQ,N50,BPCL.NS
Bharti Airtel Ltd.,Telecommunication,BHARTIARTL,EQ,N50,BHARTIARTL.NS
Britannia Industries Ltd.,Fast Moving Consumer Goods,BRITANNIA,EQ,N50,BRITANNIA.NS
Cipla Ltd.,Healthcare,CIPLA,EQ,N50,CIPLA.NS
Coal India Ltd.,Oil Gas & Consumable Fuels,COALINDIA,EQ,N50,COALINDIA.NS
Divi's Laboratories Ltd.,Healthcare,DIVISLAB,EQ,N50,DIVISLAB.NS
Dr. Reddy's Laboratories Ltd.,Healthcare,DRREDDY,EQ,N50,DRREDDY.NS
Eicher Motors Ltd.,Automobile and Auto Components,EICHERMOT,EQ,N50,EICHERMOT.NS
Grasim Industries Ltd.,Construction Materials,GRASIM,EQ,N50,GRASIM.NS
HCL Technologies Ltd.,Information Technology,HCLTECH,EQ,N50,HCLTECH.NS
HDFC Bank Ltd.,Financial Services,HDFCBANK,EQ,N50,HDFCBANK.NS
HDFC Life Insurance Company Ltd.,Financial Services,HDFCLIFE,EQ,N50,HDFCLIFE.NS
Hero MotoCorp Ltd.,Automobile and Auto Components,HEROMOTOCO,EQ,N50,HEROMOTOCO.NS
Hindalco Industries Ltd.,Metals & Mining,HINDALCO,EQ,N50,HINDALCO.NS
Hindustan Unilever Ltd.,Fast Moving Consumer Goods,HINDUNILVR,EQ,N50,HINDUNILVR.NS
Housing Development Finance Corporation Ltd.,Financial Services,HDFC,EQ,N50,HDFC.NS
ICICI Bank Ltd.,Financial Services,ICICIBANK,EQ,N50,ICICIBANK.NS
ITC Ltd.,Fast Moving Consumer Goods,ITC,EQ,N50,ITC.NS
IndusInd Bank Ltd.,Financial Services,INDUSINDBK,EQ,N50,INDUSINDBK.NS
Infosys Ltd.,Information Technology,INFY,EQ,N50,INFY.NS
JSW Steel Ltd.,Metals & Mining,JSWSTEEL,EQ,N50,JSWSTEEL.NS
Kotak Mahindra Bank Ltd.,Financial Services,KOTAKBANK,EQ,N50,KOTAKBANK.NS
Larsen & Toubro Ltd.,Construction,LT,EQ,N50,LT.NS
Mahindra & Mahindra Ltd.,Automobile and Auto Components,M&M,EQ,N50,M&M.NS
Maruti Suzuki India Ltd.,Automobile and Auto Components,MARUTI,EQ,N50,MARUTI.NS
NTPC Ltd.,Power,NTPC,EQ,N50,NTPC.NS
Nestle India Ltd.,Fast Moving Consumer Goods,NESTLEIND,EQ,N50,NESTLEIND.NS
Oil & Natural Gas Corporation Ltd.,Oil Gas & Consumable Fuels,ONGC,EQ,N50,ONGC.NS
Power Grid Corporation of India Ltd.,Power,POWERGRID,EQ,N50,POWERGRID.NS
Reliance Industries Ltd.,Oil Gas & Consumable Fuels,RELIANCE,EQ,N50,RELIANCE.NS
SBI Life Insurance Company Ltd.,Financial Services,SBILIFE,EQ,N50,SBILIFE.NS
Shree Cement Ltd.,Construction Materials,SHREECEM,EQ,N50,SHREECEM.NS
State Bank of India,Financial Services,SBIN,EQ,N50,SBIN.NS
Sun Pharmaceutical Industries Ltd.,Healthcare,SUNPHARMA,EQ,N50,SUNPHARMA.NS
Tata Consultancy Services Ltd.,Information Technology,TCS,EQ,N50,TCS.NS
Tata Consumer Products Ltd.,Fast Moving Consumer Goods,TATACONSUM,EQ,N50,TATACONSUM.NS
Tata Motors Ltd.,Automobile and Auto Components,TATAMOTORS,EQ,N50,TATAMOTORS.NS
Tata Steel Ltd.,Metals & Mining,TATASTEEL,EQ,N50,TATASTEEL.NS
Tech Mahindra Ltd.,Information Technology,TECHM,EQ,N50,TECHM.NS
Titan Company Ltd.,Consumer Durables,TITAN,EQ,N50,TITAN.NS
UPL Ltd.,Chemicals,UPL,EQ,N50,UPL.NS
UltraTech Cement Ltd.,Construction Materials,ULTRACEMCO,EQ,N50,ULTRACEMCO.NS
Wipro Ltd.,Information Technology,WIPRO,EQ,N50,WIPRO.NS
ACC Ltd.,Construction Materials,ACC,EQ,Next 50,ACC.NS
Adani Enterprises Ltd.,Metals & Mining,ADANIENT,EQ,Next 50,ADANIENT.NS
Adani Green Energy Ltd.,Power,ADANIGREEN,EQ,Next 50,ADANIGREEN.NS
Adani Transmission Ltd.,Power,ADANITRANS,EQ,Next 50,ADANITRANS.NS
Ambuja Cements Ltd.,Construction Materials,AMBUJACEM,EQ,Next 50,AMBUJACEM.NS
Avenue Supermarts Ltd.,Consumer Services,DMART,EQ,Next 50,DMART.NS
Bajaj Holdings & Investment Ltd.,Financial Services,BAJAJHLDNG,EQ,Next 50,BAJAJHLDNG.NS
Bandhan Bank Ltd.,Financial Services,BANDHANBNK,EQ,Next 50,BANDHANBNK.NS
Bank of Baroda,Financial Services,BANKBARODA,EQ,Next 50,BANKBARODA.NS
Berger Paints India Ltd.,Consumer Durables,BERGEPAINT,EQ,Next 50,BERGEPAINT.NS
Biocon Ltd.,Healthcare,BIOCON,EQ,Next 50,BIOCON.NS
Bosch Ltd.,Automobile and Auto Components,BOSCHLTD,EQ,Next 50,BOSCHLTD.NS
Cholamandalam Investment and Finance Company Ltd.,Financial Services,CHOLAFIN,EQ,Next 50,CHOLAFIN.NS
Colgate Palmolive (India) Ltd.,Fast Moving Consumer Goods,COLPAL,EQ,Next 50,COLPAL.NS
DLF Ltd.,Realty,DLF,EQ,Next 50,DLF.NS
Dabur India Ltd.,Fast Moving Consumer Goods,DABUR,EQ,Next 50,DABUR.NS
FSN E-Commerce Ventures Ltd.,Consumer Services,NYKAA,EQ,Next 50,NYKAA.NS
GAIL (India) Ltd.,Oil Gas & Consumable Fuels,GAIL,EQ,Next 50,GAIL.NS
Gland Pharma Ltd.,Healthcare,GLAND,EQ,Next 50,GLAND.NS
Godrej Consumer Products Ltd.,Fast Moving Consumer Goods,GODREJCP,EQ,Next 50,GODREJCP.NS
HDFC Asset Management Company Ltd.,Financial Services,HDFCAMC,EQ,Next 50,HDFCAMC.NS
Havells India Ltd.,Consumer Durables,HAVELLS,EQ,Next 50,HAVELLS.NS
ICICI Lombard General Insurance Company Ltd.,Financial Services,ICICIGI,EQ,Next 50,ICICIGI.NS
ICICI Prudential Life Insurance Company Ltd.,Financial Services,ICICIPRULI,EQ,Next 50,ICICIPRULI.NS
Indian Oil Corporation Ltd.,Oil Gas & Consumable Fuels,IOC,EQ,Next 50,IOC.NS
Indus Towers Ltd.,Telecommunication,INDUSTOWER,EQ,Next 50,INDUSTOWER.NS
Info Edge (India) Ltd.,Consumer Services,NAUKRI,EQ,Next 50,NAUKRI.NS
InterGlobe Aviation Ltd.,Services,INDIGO,EQ,Next 50,INDIGO.NS
Jubilant Foodworks Ltd.,Consumer Services,JUBLFOOD,EQ,Next 50,JUBLFOOD.NS
Larsen & Toubro Infotech Ltd.,Information Technology,LTI,EQ,Next 50,LTI.NS
Lupin Ltd.,Healthcare,LUPIN,EQ,Next 50,LUPIN.NS
Marico Ltd.,Fast Moving Consumer Goods,MARICO,EQ,Next 50,MARICO.NS
MindTree Ltd.,Information Technology,MINDTREE,EQ,Next 50,MINDTREE.NS
Muthoot Finance Ltd.,Financial Services,MUTHOOTFIN,EQ,Next 50,MUTHOOTFIN.NS
NMDC Ltd.,Metals & Mining,NMDC,EQ,Next 50,NMDC.NS
One 97 Communications Ltd.,Financial Services,PAYTM,EQ,Next 50,PAYTM.NS
PI Industries Ltd.,Chemicals,PIIND,EQ,Next 50,PIIND.NS
Pidilite Industries Ltd.,Chemicals,PIDILITIND,EQ,Next 50,PIDILITIND.NS
Piramal Enterprises Ltd.,Financial Services,PEL,EQ,Next 50,PEL.NS
Procter & Gamble Hygiene & Health Care Ltd.,Fast Moving Consumer Goods,PGHH,EQ,Next 50,PGHH.NS
Punjab National Bank,Financial Services,PNB,EQ,Next 50,PNB.NS
SBI Cards and Payment Services Ltd.,Financial Services,SBICARD,EQ,Next 50,SBICARD.NS
SRF Ltd.,Chemicals,SRF,EQ,Next 50,SRF.NS
Siemens Ltd.,Capital Goods,SIEMENS,EQ,Next 50,SIEMENS.NS
Steel Authority of India Ltd.,Metals & Mining,SAIL,EQ,Next 50,SAIL.NS
Torrent Pharmaceuticals Ltd.,Healthcare,TORNTPHARM,EQ,Next 50,TORNTPHARM.NS
United Spirits Ltd.,Fast Moving Consumer Goods,MCDOWELL-N,EQ,Next 50,MCDOWELL-N.NS
Vedanta Ltd.,Metals & Mining,VEDL,EQ,Next 50,VEDL.NS
Zomato Ltd.,Consumer Services,ZOMATO,EQ,Next 50,ZOMATO.NS
Zydus Lifesciences Ltd.,Healthcare,ZYDUSLIFE,EQ,Next 50,ZYDUSLIFE.NS
ABB India Ltd.,Capital Goods,ABB,EQ,N200,ABB.NS
AU Small Finance Bank Ltd.,Financial Services,AUBANK,EQ,N200,AUBANK.NS
Abbott India Ltd.,Healthcare,ABBOTINDIA,EQ,N200,ABBOTINDIA.NS
Adani Total Gas Ltd.,Oil Gas & Consumable Fuels,ATGL,EQ,N200,ATGL.NS
Aditya Birla Capital Ltd.,Financial Services,ABCAPITAL,EQ,N200,ABCAPITAL.NS
Aditya Birla Fashion and Retail Ltd.,Consumer Services,ABFRL,EQ,N200,ABFRL.NS
Alembic Pharmaceuticals Ltd.,Healthcare,APLLTD,EQ,N200,APLLTD.NS
Alkem Laboratories Ltd.,Healthcare,ALKEM,EQ,N200,ALKEM.NS
Apollo Tyres Ltd.,Automobile and Auto Components,APOLLOTYRE,EQ,N200,APOLLOTYRE.NS
Ashok Leyland Ltd.,Capital Goods,ASHOKLEY,EQ,N200,ASHOKLEY.NS
Astral Ltd.,Capital Goods,ASTRAL,EQ,N200,ASTRAL.NS
Aurobindo Pharma Ltd.,Healthcare,AUROPHARMA,EQ,N200,AUROPHARMA.NS
Balkrishna Industries Ltd.,Automobile and Auto Components,BALKRISIND,EQ,N200,BALKRISIND.NS
Bank of India,Financial Services,BANKINDIA,EQ,N200,BANKINDIA.NS
Bata India Ltd.,Consumer Durables,BATAINDIA,EQ,N200,BATAINDIA.NS
Bharat Electronics Ltd.,Capital Goods,BEL,EQ,N200,BEL.NS
Bharat Forge Ltd.,Capital Goods,BHARATFORG,EQ,N200,BHARATFORG.NS
Bharat Heavy Electricals Ltd.,Capital Goods,BHEL,EQ,N200,BHEL.NS
Canara Bank,Financial Services,CANBK,EQ,N200,CANBK.NS
Clean Science and Technology Ltd.,Chemicals,CLEAN,EQ,N200,CLEAN.NS
Coforge Ltd.,Information Technology,COFORGE,EQ,N200,COFORGE.NS
Container Corporation of India Ltd.,Services,CONCOR,EQ,N200,CONCOR.NS
Coromandel International Ltd.,Chemicals,COROMANDEL,EQ,N200,COROMANDEL.NS
Crompton Greaves Consumer Electricals Ltd.,Consumer Durables,CROMPTON,EQ,N200,CROMPTON.NS
Cummins India Ltd.,Capital Goods,CUMMINSIND,EQ,N200,CUMMINSIND.NS
Dalmia Bharat Ltd.,Construction Materials,DALBHARAT,EQ,N200,DALBHARAT.NS
Deepak Nitrite Ltd.,Chemicals,DEEPAKNTR,EQ,N200,DEEPAKNTR.NS
Dixon Technologies (India) Ltd.,Consumer Durables,DIXON,EQ,N200,DIXON.NS
Dr. Lal Path Labs Ltd.,Healthcare,LALPATHLAB,EQ,N200,LALPATHLAB.NS
Emami Ltd.,Fast Moving Consumer Goods,EMAMILTD,EQ,N200,EMAMILTD.NS
Escorts Ltd.,Capital Goods,ESCORTS,EQ,N200,ESCORTS.NS
Exide Industries Ltd.,Automobile and Auto Components,EXIDEIND,EQ,N200,EXIDEIND.NS
Federal Bank Ltd.,Financial Services,FEDERALBNK,EQ,N200,FEDERALBNK.NS
Fortis Healthcare Ltd.,Healthcare,FORTIS,EQ,N200,FORTIS.NS
Glenmark Pharmaceuticals Ltd.,Healthcare,GLENMARK,EQ,N200,GLENMARK.NS
Godrej Properties Ltd.,Realty,GODREJPROP,EQ,N200,GODREJPROP.NS
Gujarat Gas Ltd.,Oil Gas & Consumable Fuels,GUJGASLTD,EQ,N200,GUJGASLTD.NS
Gujarat State Petronet Ltd.,Oil Gas & Consumable Fuels,GSPL,EQ,N200,GSPL.NS
Hindustan Aeronautics Ltd.,Capital Goods,HAL,EQ,N200,HAL.NS
Hindustan Petroleum Corporation Ltd.,Oil Gas & Consumable Fuels,HINDPETRO,EQ,N200,HINDPETRO.NS
Hindustan Zinc Ltd.,Metals & Mining,HINDZINC,EQ,N200,HINDZINC.NS
Honeywell Automation India Ltd.,Capital Goods,HONAUT,EQ,N200,HONAUT.NS
ICICI Securities Ltd.,Financial Services,ISEC,EQ,N200,ISEC.NS
IDBI Bank Ltd.,Financial Services,IDBI,EQ,N200,IDBI.NS
IDFC First Bank Ltd.,Financial Services,IDFCFIRSTB,EQ,N200,IDFCFIRSTB.NS
Indiamart Intermesh Ltd.,Consumer Services,INDIAMART,EQ,N200,INDIAMART.NS
Indian Bank,Financial Services,INDIANB,EQ,N200,INDIANB.NS
Indian Energy Exchange Ltd.,Financial Services,IEX,EQ,N200,IEX.NS
Indian Hotels Co. Ltd.,Consumer Services,INDHOTEL,EQ,N200,INDHOTEL.NS
Indian Railway Catering And Tourism Corporation Ltd.,Consumer Services,IRCTC,EQ,N200,IRCTC.NS
Indraprastha Gas Ltd.,Oil Gas & Consumable Fuels,IGL,EQ,N200,IGL.NS
Ipca Laboratories Ltd.,Healthcare,IPCALAB,EQ,N200,IPCALAB.NS
JSW Energy Ltd.,Power,JSWENERGY,EQ,N200,JSWENERGY.NS
Jindal Steel & Power Ltd.,Metals & Mining,JINDALSTEL,EQ,N200,JINDALSTEL.NS
L&T Finance Holdings Ltd.,Financial Services,L&TFH,EQ,N200,L&TFH.NS
L&T Technology Services Ltd.,Information Technology,LTTS,EQ,N200,LTTS.NS
LIC Housing Finance Ltd.,Financial Services,LICHSGFIN,EQ,N200,LICHSGFIN.NS
Laurus Labs Ltd.,Healthcare,LAURUSLABS,EQ,N200,LAURUSLABS.NS
MRF Ltd.,Automobile and Auto Components,MRF,EQ,N200,MRF.NS
Mahindra & Mahindra Financial Services Ltd.,Financial Services,M&MFIN,EQ,N200,M&MFIN.NS
Manappuram Finance Ltd.,Financial Services,MANAPPURAM,EQ,N200,MANAPPURAM.NS
Max Financial Services Ltd.,Financial Services,MFSL,EQ,N200,MFSL.NS
Max Healthcare Institute Ltd.,Healthcare,MAXHEALTH,EQ,N200,MAXHEALTH.NS
Metropolis Healthcare Ltd.,Healthcare,METROPOLIS,EQ,N200,METROPOLIS.NS
MphasiS Ltd.,Information Technology,MPHASIS,EQ,N200,MPHASIS.NS
National Aluminium Co. Ltd.,Metals & Mining,NATIONALUM,EQ,N200,NATIONALUM.NS
Navin Fluorine International Ltd.,Chemicals,NAVINFLUOR,EQ,N200,NAVINFLUOR.NS
Nippon Life India Asset Management Ltd.,Financial Services,NAM-INDIA,EQ,N200,NAM-INDIA.NS
Oberoi Realty Ltd.,Realty,OBEROIRLTY,EQ,N200,OBEROIRLTY.NS
Oil India Ltd.,Oil Gas & Consumable Fuels,OIL,EQ,N200,OIL.NS
Oracle Financial Services Software Ltd.,Information Technology,OFSS,EQ,N200,OFSS.NS
PB Fintech Ltd.,Financial Services,POLICYBZR,EQ,N200,POLICYBZR.NS
Page Industries Ltd.,Textiles,PAGEIND,EQ,N200,PAGEIND.NS
Persistent Systems Ltd.,Information Technology,PERSISTENT,EQ,N200,PERSISTENT.NS
Petronet LNG Ltd.,Oil Gas & Consumable Fuels,PETRONET,EQ,N200,PETRONET.NS
Polycab India Ltd.,Capital Goods,POLYCAB,EQ,N200,POLYCAB.NS
Power Finance Corporation Ltd.,Financial Services,PFC,EQ,N200,PFC.NS
Prestige Estates Projects Ltd.,Realty,PRESTIGE,EQ,N200,PRESTIGE.NS
REC Ltd.,Financial Services,RECLTD,EQ,N200,RECLTD.NS
Shriram Transport Finance Co. Ltd.,Financial Services,SRTRANSFIN,EQ,N200,SRTRANSFIN.NS
Sona BLW Precision Forgings Ltd.,Automobile and Auto Components,SONACOMS,EQ,N200,SONACOMS.NS
Sun TV Network Ltd.,Media Entertainment & Publication,SUNTV,EQ,N200,SUNTV.NS
Syngene International Ltd.,Healthcare,SYNGENE,EQ,N200,SYNGENE.NS
TVS Motor Company Ltd.,Automobile and Auto Components,TVSMOTOR,EQ,N200,TVSMOTOR.NS
Tata Chemicals Ltd.,Chemicals,TATACHEM,EQ,N200,TATACHEM.NS
Tata Communications Ltd.,Telecommunication,TATACOMM,EQ,N200,TATACOMM.NS
Tata Elxsi Ltd.,Information Technology,TATAELXSI,EQ,N200,TATAELXSI.NS
Tata Power Co. Ltd.,Power,TATAPOWER,EQ,N200,TATAPOWER.NS
The Ramco Cements Ltd.,Construction Materials,RAMCOCEM,EQ,N200,RAMCOCEM.NS
Torrent Power Ltd.,Power,TORNTPOWER,EQ,N200,TORNTPOWER.NS
Trent Ltd.,Consumer Services,TRENT,EQ,N200,TRENT.NS
Trident Ltd.,Textiles,TRIDENT,EQ,N200,TRIDENT.NS
Union Bank of India,Financial Services,UNIONBANK,EQ,N200,UNIONBANK.NS
United Breweries Ltd.,Fast Moving Consumer Goods,UBL,EQ,N200,UBL.NS
Varun Beverages Ltd.,Fast Moving Consumer Goods,VBL,EQ,N200,VBL.NS
Vodafone Idea Ltd.,Telecommunication,IDEA,EQ,N200,IDEA.NS
Voltas Ltd.,Consumer Durables,VOLTAS,EQ,N200,VOLTAS.NS
Whirlpool of India Ltd.,Consumer Durables,WHIRLPOOL,EQ,N200,WHIRLPOOL.NS
Yes Bank Ltd.,Financial Services,YESBANK,EQ,N200,YESBANK.NS
Zee Entertainment Enterprises Ltd.,Media Entertainment & Publication,ZEEL,EQ,N200,ZEEL.NS
3M India Ltd.,Diversified,3MINDIA,EQ,MIDCAP 150,3MINDIA.NS
AIA Engineering Ltd.,Capital Goods,AIAENG,EQ,MIDCAP 150,AIAENG.NS
APL Apollo Tubes Ltd.,Capital Goods,APLAPOLLO,EQ,MIDCAP 150,APLAPOLLO.NS
Aavas Financiers Ltd.,Financial Services,AAVAS,EQ,MIDCAP 150,AAVAS.NS
Affle (India) Ltd.,Information Technology,AFFLE,EQ,MIDCAP 150,AFFLE.NS
Ajanta Pharmaceuticals Ltd.,Healthcare,AJANTPHARM,EQ,MIDCAP 150,AJANTPHARM.NS
Alkyl Amines Chemicals Ltd.,Chemicals,ALKYLAMINE,EQ,MIDCAP 150,ALKYLAMINE.NS
Atul Ltd.,Chemicals,ATUL,EQ,MIDCAP 150,ATUL.NS
Bayer Cropscience Ltd.,Chemicals,BAYERCROP,EQ,MIDCAP 150,BAYERCROP.NS
Blue Dart Express Ltd.,Services,BLUEDART,EQ,MIDCAP 150,BLUEDART.NS
CG Power and Industrial Solutions Ltd.,Capital Goods,CGPOWER,EQ,MIDCAP 150,CGPOWER.NS
CRISIL Ltd.,Financial Services,CRISIL,EQ,MIDCAP 150,CRISIL.NS
Endurance Technologies Ltd.,Automobile and Auto Components,ENDURANCE,EQ,MIDCAP 150,ENDURANCE.NS
GMR Infrastructure Ltd.,Services,GMRINFRA,EQ,MIDCAP 150,GMRINFRA.NS
General Insurance Corporation of India,Financial Services,GICRE,EQ,MIDCAP 150,GICRE.NS
Glaxosmithkline Pharmaceuticals Ltd.,Healthcare,GLAXO,EQ,MIDCAP 150,GLAXO.NS
Godrej Industries Ltd.,Fast Moving Consumer Goods,GODREJIND,EQ,MIDCAP 150,GODREJIND.NS
Grindwell Norton Ltd.,Capital Goods,GRINDWELL,EQ,MIDCAP 150,GRINDWELL.NS
Gujarat Fluorochemicals Ltd.,Chemicals,FLUOROCHEM,EQ,MIDCAP 150,FLUOROCHEM.NS
Happiest Minds Technologies Ltd.,Information Technology,HAPPSTMNDS,EQ,MIDCAP 150,HAPPSTMNDS.NS
Hatsun Agro Product Ltd.,Fast Moving Consumer Goods,HATSUN,EQ,MIDCAP 150,HATSUN.NS
Indian Railway Finance Corporation Ltd.,Financial Services,IRFC,EQ,MIDCAP 150,IRFC.NS
J.K. Cement Ltd.,Construction Materials,JKCEMENT,EQ,MIDCAP 150,JKCEMENT.NS
Kajaria Ceramics Ltd.,Consumer Durables,KAJARIACER,EQ,MIDCAP 150,KAJARIACER.NS
Kansai Nerolac Paints Ltd.,Consumer Durables,KANSAINER,EQ,MIDCAP 150,KANSAINER.NS
Linde India Ltd.,Chemicals,LINDEINDIA,EQ,MIDCAP 150,LINDEINDIA.NS
Macrotech Developers Ltd.,Realty,LODHA,EQ,MIDCAP 150,LODHA.NS
Minda Industries Ltd.,Automobile and Auto Components,MINDAIND,EQ,MIDCAP 150,MINDAIND.NS
NATCO Pharma Ltd.,Healthcare,NATCOPHARM,EQ,MIDCAP 150,NATCOPHARM.NS
NHPC Ltd.,Power,NHPC,EQ,MIDCAP 150,NHPC.NS
Nuvoco Vistas Corporation Ltd.,Construction Materials,NUVOCO,EQ,MIDCAP 150,NUVOCO.NS
Pfizer Ltd.,Healthcare,PFIZER,EQ,MIDCAP 150,PFIZER.NS
Phoenix Mills Ltd.,Realty,PHOENIXLTD,EQ,MIDCAP 150,PHOENIXLTD.NS
Rajesh Exports Ltd.,Consumer Durables,RAJESHEXPO,EQ,MIDCAP 150,RAJESHEXPO.NS
Relaxo Footwears Ltd.,Consumer Durables,RELAXO,EQ,MIDCAP 150,RELAXO.NS
SKF India Ltd.,Capital Goods,SKFINDIA,EQ,MIDCAP 150,SKFINDIA.NS
Sanofi India Ltd.,Healthcare,SANOFI,EQ,MIDCAP 150,SANOFI.NS
Schaeffler India Ltd.,Automobile and Auto Components,SCHAEFFLER,EQ,MIDCAP 150,SCHAEFFLER.NS
Solar Industries India Ltd.,Chemicals,SOLARINDS,EQ,MIDCAP 150,SOLARINDS.NS
Star Health and Allied Insurance Company Ltd.,Financial Services,STARHEALTH,EQ,MIDCAP 150,STARHEALTH.NS
Sumitomo Chemical India Ltd.,Chemicals,SUMICHEM,EQ,MIDCAP 150,SUMICHEM.NS
Sundaram Finance Ltd.,Financial Services,SUNDARMFIN,EQ,MIDCAP 150,SUNDARMFIN.NS
Sundram Fasteners Ltd.,Automobile and Auto Components,SUNDRMFAST,EQ,MIDCAP 150,SUNDRMFAST.NS
Supreme Industries Ltd.,Capital Goods,SUPREMEIND,EQ,MIDCAP 150,SUPREMEIND.NS
Tata Teleservices (Maharashtra) Ltd.,Telecommunication,TTML,EQ,MIDCAP 150,TTML.NS
The New India Assurance Company Ltd.,Financial Services,NIACL,EQ,MIDCAP 150,NIACL.NS
Thermax Ltd.,Capital Goods,THERMAX,EQ,MIDCAP 150,THERMAX.NS
Tube Investments of India Ltd.,Automobile and Auto Components,TIINDIA,EQ,MIDCAP 150,TIINDIA.NS
Vinati Organics Ltd.,Chemicals,VINATIORGA,EQ,MIDCAP 150,VINATIORGA.NS
ZF Commercial Vehicle Control Systems India Ltd.,Automobile and Auto Components,ZFCVINDIA,EQ,MIDCAP 150,ZFCVINDIA.NS
Aarti Drugs Ltd.,Healthcare,AARTIDRUGS,EQ,SMALL CAP 250,AARTIDRUGS.NS
Aditya Birla Sun Life AMC Ltd.,Financial Services,ABSLAMC,EQ,SMALL CAP 250,ABSLAMC.NS
Advanced Enzyme Tech Ltd.,Fast Moving Consumer Goods,ADVENZYMES,EQ,SMALL CAP 250,ADVENZYMES.NS
Aegis Logistics Ltd.,Oil Gas & Consumable Fuels,AEGISCHEM,EQ,SMALL CAP 250,AEGISCHEM.NS
Allcargo Logistics Ltd.,Services,ALLCARGO,EQ,SMALL CAP 250,ALLCARGO.NS
Alok Industries Ltd.,Textiles,ALOKINDS,BE,SMALL CAP 250,ALOKINDS.NS
Amara Raja Batteries Ltd.,Automobile and Auto Components,AMARAJABAT,EQ,SMALL CAP 250,AMARAJABAT.NS
Amber Enterprises India Ltd.,Consumer Durables,AMBER,EQ,SMALL CAP 250,AMBER.NS
Angel One Ltd.,Financial Services,ANGELONE,EQ,SMALL CAP 250,ANGELONE.NS
Anupam Rasayan India Ltd.,Chemicals,ANURAS,EQ,SMALL CAP 250,ANURAS.NS
Aptus Value Housing Finance India Ltd.,Financial Services,APTUS,EQ,SMALL CAP 250,APTUS.NS
Asahi India Glass Ltd.,Automobile and Auto Components,ASAHIINDIA,EQ,SMALL CAP 250,ASAHIINDIA.NS
Aster DM Healthcare Ltd.,Healthcare,ASTERDM,EQ,SMALL CAP 250,ASTERDM.NS
AstraZenca Pharma India Ltd.,Healthcare,ASTRAZEN,EQ,SMALL CAP 250,ASTRAZEN.NS
Avanti Feeds Ltd.,Fast Moving Consumer Goods,AVANTIFEED,EQ,SMALL CAP 250,AVANTIFEED.NS
BASF India Ltd.,Chemicals,BASF,EQ,SMALL CAP 250,BASF.NS
BSE Ltd.,Financial Services,BSE,EQ,SMALL CAP 250,BSE.NS
Bajaj Electricals Ltd,Consumer Durables,BAJAJELEC,EQ,SMALL CAP 250,BAJAJELEC.NS
Balaji Amines Ltd.,Chemicals,BALAMINES,EQ,SMALL CAP 250,BALAMINES.NS
Balrampur Chini Mills Ltd.,Fast Moving Consumer Goods,BALRAMCHIN,EQ,SMALL CAP 250,BALRAMCHIN.NS
Bank of Maharashtra,Financial Services,MAHABANK,EQ,SMALL CAP 250,MAHABANK.NS
Bharat Dynamics Ltd.,Capital Goods,BDL,EQ,SMALL CAP 250,BDL.NS
Birla Corporation Ltd.,Construction Materials,BIRLACORPN,EQ,SMALL CAP 250,BIRLACORPN.NS
Birlasoft Ltd.,Information Technology,BSOFT,EQ,SMALL CAP 250,BSOFT.NS
Blue Star Ltd.,Consumer Durables,BLUESTARCO,EQ,SMALL CAP 250,BLUESTARCO.NS
Bombay Burmah Trading Corporation Ltd.,Fast Moving Consumer Goods,BBTC,EQ,SMALL CAP 250,BBTC.NS
Borosil Renewables Ltd.,Capital Goods,BORORENEW,EQ,SMALL CAP 250,BORORENEW.NS
Brigade Enterprises Ltd.,Realty,BRIGADE,EQ,SMALL CAP 250,BRIGADE.NS
Brightcom Group Ltd.,Information Technology,BCG,EQ,SMALL CAP 250,BCG.NS
C.E. Info Systems Ltd.,Information Technology,MAPMYINDIA,EQ,SMALL CAP 250,MAPMYINDIA.NS
CCL Products (I) Ltd.,Fast Moving Consumer Goods,CCL,EQ,SMALL CAP 250,CCL.NS
CESC Ltd.,Power,CESC,EQ,SMALL CAP 250,CESC.NS
CSB Bank Ltd.,Financial Services,CSBBANK,EQ,SMALL CAP 250,CSBBANK.NS
Can Fin Homes Ltd.,Financial Services,CANFINHOME,EQ,SMALL CAP 250,CANFINHOME.NS
Caplin Point Laboratories Ltd.,Healthcare,CAPLIPOINT,EQ,SMALL CAP 250,CAPLIPOINT.NS
Capri Global Capital Ltd.,Financial Services,CGCL,EQ,SMALL CAP 250,CGCL.NS
Carborundum Universal Ltd.,Capital Goods,CARBORUNIV,EQ,SMALL CAP 250,CARBORUNIV.NS
Castrol India Ltd.,Oil Gas & Consumable Fuels,CASTROLIND,EQ,SMALL CAP 250,CASTROLIND.NS
Ceat Ltd.,Automobile and Auto Components,CEATLTD,EQ,SMALL CAP 250,CEATLTD.NS
Central Bank of India,Financial Services,CENTRALBK,EQ,SMALL CAP 250,CENTRALBK.NS
Central Depository Services (India) Ltd.,Financial Services,CDSL,EQ,SMALL CAP 250,CDSL.NS
Century Plyboards (India) Ltd.,Consumer Durables,CENTURYPLY,EQ,SMALL CAP 250,CENTURYPLY.NS
Century Textile & Industries Ltd.,Forest Materials,CENTURYTEX,EQ,SMALL CAP 250,CENTURYTEX.NS
Cera Sanitaryware Ltd,Consumer Durables,CERA,EQ,SMALL CAP 250,CERA.NS
Chalet Hotels Ltd.,Consumer Services,CHALET,EQ,SMALL CAP 250,CHALET.NS
Chambal Fertilizers & Chemicals Ltd.,Chemicals,CHAMBLFERT,EQ,SMALL CAP 250,CHAMBLFERT.NS
Chemplast Sanmar Ltd.,Chemicals,CHEMPLASTS,EQ,SMALL CAP 250,CHEMPLASTS.NS
Cholamandalam Financial Holdings Ltd.,Financial Services,CHOLAHLDNG,EQ,SMALL CAP 250,CHOLAHLDNG.NS
City Union Bank Ltd.,Financial Services,CUB,EQ,SMALL CAP 250,CUB.NS
Cochin Shipyard Ltd.,Capital Goods,COCHINSHIP,EQ,SMALL CAP 250,COCHINSHIP.NS
Computer Age Management Services Ltd.,Financial Services,CAMS,EQ,SMALL CAP 250,CAMS.NS
CreditAccess Grameen Ltd.,Financial Services,CREDITACC,EQ,SMALL CAP 250,CREDITACC.NS
Cyient Ltd.,Information Technology,CYIENT,EQ,SMALL CAP 250,CYIENT.NS
DCM Shriram Ltd.,Diversified,DCMSHRIRAM,EQ,SMALL CAP 250,DCMSHRIRAM.NS
Delta Corp Ltd.,Consumer Services,DELTACORP,EQ,SMALL CAP 250,DELTACORP.NS
Devyani International Ltd.,Consumer Services,DEVYANI,EQ,SMALL CAP 250,DEVYANI.NS
Dhani Services Ltd.,Financial Services,DHANI,EQ,SMALL CAP 250,DHANI.NS
Dilip Buildcon Ltd.,Construction,DBL,EQ,SMALL CAP 250,DBL.NS
E.I.D. Parry (India) Ltd.,Fast Moving Consumer Goods,EIDPARRY,EQ,SMALL CAP 250,EIDPARRY.NS
EIH Ltd.,Consumer Services,EIHOTEL,EQ,SMALL CAP 250,EIHOTEL.NS
EPL Ltd.,Capital Goods,EPL,EQ,SMALL CAP 250,EPL.NS
Easy Trip Planners Ltd.,Consumer Services,EASEMYTRIP,EQ,SMALL CAP 250,EASEMYTRIP.NS
Edelweiss Financial Services Ltd.,Financial Services,EDELWEISS,EQ,SMALL CAP 250,EDELWEISS.NS
Elgi Equipments Ltd.,Capital Goods,ELGIEQUIP,EQ,SMALL CAP 250,ELGIEQUIP.NS
Engineers India Ltd.,Construction,ENGINERSIN,EQ,SMALL CAP 250,ENGINERSIN.NS
Equitas Holdings Ltd.,Financial Services,EQUITAS,EQ,SMALL CAP 250,EQUITAS.NS
Equitas Small Finance Bank Ltd.,Financial Services,EQUITASBNK,EQ,SMALL CAP 250,EQUITASBNK.NS
Eris Lifesciences Ltd.,Healthcare,ERIS,EQ,SMALL CAP 250,ERIS.NS
FDC Ltd.,Healthcare,FDC,EQ,SMALL CAP 250,FDC.NS
Fertilisers and Chemicals Travancore Ltd.,Chemicals,FACT,EQ,SMALL CAP 250,FACT.NS
Fine Organic Industries Ltd.,Chemicals,FINEORG,EQ,SMALL CAP 250,FINEORG.NS
Finolex Cables Ltd.,Capital Goods,FINCABLES,EQ,SMALL CAP 250,FINCABLES.NS
Finolex Industries Ltd.,Capital Goods,FINPIPE,EQ,SMALL CAP 250,FINPIPE.NS
Firstsource Solutions Ltd.,Information Technology,FSL,EQ,SMALL CAP 250,FSL.NS
G R Infraprojects Ltd.,Construction,GRINFRA,EQ,SMALL CAP 250,GRINFRA.NS
GMM Pfaudler Ltd.,Capital Goods,GMMPFAUDLR,EQ,SMALL CAP 250,GMMPFAUDLR.NS
Galaxy Surfactants Ltd.,Chemicals,GALAXYSURF,EQ,SMALL CAP 250,GALAXYSURF.NS
Garware Technical Fibres Ltd.,Textiles,GARFIBRES,EQ,SMALL CAP 250,GARFIBRES.NS
Glenmark Life Sciences Ltd.,Healthcare,GLS,EQ,SMALL CAP 250,GLS.NS
Go Fashion (India) Ltd.,Consumer Services,GOCOLORS,EQ,SMALL CAP 250,GOCOLORS.NS
Godfrey Phillips India Ltd.,Fast Moving Consumer Goods,GODFRYPHLP,EQ,SMALL CAP 250,GODFRYPHLP.NS
Godrej Agrovet Ltd.,Fast Moving Consumer Goods,GODREJAGRO,EQ,SMALL CAP 250,GODREJAGRO.NS
Granules India Ltd.,Healthcare,GRANULES,EQ,SMALL CAP 250,GRANULES.NS
Graphite India Ltd.,Capital Goods,GRAPHITE,EQ,SMALL CAP 250,GRAPHITE.NS
Great Eastern Shipping Co. Ltd.,Services,GESHIP,EQ,SMALL CAP 250,GESHIP.NS
Gujarat Alkalies & Chemicals Ltd.,Chemicals,GUJALKALI,EQ,SMALL CAP 250,GUJALKALI.NS
Gujarat Ambuja Exports Ltd.,Fast Moving Consumer Goods,GAEL,EQ,SMALL CAP 250,GAEL.NS
Gujarat Narmada Valley Fertilizers and Chemicals Ltd.,Chemicals,GNFC,EQ,SMALL CAP 250,GNFC.NS
Gujarat Pipavav Port Ltd.,Services,GPPL,EQ,SMALL CAP 250,GPPL.NS
Gujarat State Fertilizers & Chemicals Ltd.,Chemicals,GSFC,EQ,SMALL CAP 250,GSFC.NS
H.E.G. Ltd.,Capital Goods,HEG,EQ,SMALL CAP 250,HEG.NS
HFCL Ltd.,Telecommunication,HFCL,EQ,SMALL CAP 250,HFCL.NS
HLE Glascoat Ltd.,Capital Goods,HLEGLAS,EQ,SMALL CAP 250,HLEGLAS.NS
Hathway Cable & Datacom Ltd.,Media Entertainment & Publication,HATHWAY,EQ,SMALL CAP 250,HATHWAY.NS
Hemisphere Properties India Ltd.,Realty,HEMIPROP,EQ,SMALL CAP 250,HEMIPROP.NS
Hikal Ltd.,Healthcare,HIKAL,EQ,SMALL CAP 250,HIKAL.NS
Hinduja Global Solutions Ltd.,Services,HGS,EQ,SMALL CAP 250,HGS.NS
Hindustan Copper Ltd.,Metals & Mining,HINDCOPPER,EQ,SMALL CAP 250,HINDCOPPER.NS
Hitachi Energy India Ltd.,Capital Goods,POWERINDIA,EQ,SMALL CAP 250,POWERINDIA.NS
Home First Finance Company India Ltd.,Financial Services,HOMEFIRST,EQ,SMALL CAP 250,HOMEFIRST.NS
Housing & Urban Development Corporation Ltd.,Financial Services,HUDCO,EQ,SMALL CAP 250,HUDCO.NS
IDFC Ltd.,Financial Services,IDFC,EQ,SMALL CAP 250,IDFC.NS
IFB Industries Ltd.,Consumer Durables,IFBIND,EQ,SMALL CAP 250,IFBIND.NS
IIFL Finance Ltd.,Financial Services,IIFL,EQ,SMALL CAP 250,IIFL.NS
IIFL Wealth Management Ltd.,Financial Services,IIFLWAM,EQ,SMALL CAP 250,IIFLWAM.NS
IRB Infrastructure Developers Ltd.,Construction,IRB,EQ,SMALL CAP 250,IRB.NS
IRCON International Ltd.,Construction,IRCON,EQ,SMALL CAP 250,IRCON.NS
ITI Ltd.,Telecommunication,ITI,EQ,SMALL CAP 250,ITI.NS
India Cements Ltd.,Construction Materials,INDIACEM,EQ,SMALL CAP 250,INDIACEM.NS
Indiabulls Housing Finance Ltd.,Financial Services,IBULHSGFIN,EQ,SMALL CAP 250,IBULHSGFIN.NS
Indiabulls Real Estate Ltd.,Realty,IBREALEST,EQ,SMALL CAP 250,IBREALEST.NS
Indian Overseas Bank,Financial Services,IOB,EQ,SMALL CAP 250,IOB.NS
Indigo Paints Ltd.,Consumer Durables,INDIGOPNTS,EQ,SMALL CAP 250,INDIGOPNTS.NS
Indo Count Industries Ltd.,Textiles,ICIL,EQ,SMALL CAP 250,ICIL.NS
Indoco Remedies Ltd.,Healthcare,INDOCO,EQ,SMALL CAP 250,INDOCO.NS
Infibeam Avenues Ltd.,Information Technology,INFIBEAM,EQ,SMALL CAP 250,INFIBEAM.NS
Inox Leisure Ltd.,Media Entertainment & Publication,INOXLEISUR,EQ,SMALL CAP 250,INOXLEISUR.NS
Intellect Design Arena Ltd.,Information Technology,INTELLECT,EQ,SMALL CAP 250,INTELLECT.NS
J.B. Chemicals & Pharmaceuticals Ltd.,Healthcare,JBCHEPHARM,EQ,SMALL CAP 250,JBCHEPHARM.NS
JK Lakshmi Cement Ltd.,Construction Materials,JKLAKSHMI,EQ,SMALL CAP 250,JKLAKSHMI.NS
JK Paper Ltd.,Forest Materials,JKPAPER,EQ,SMALL CAP 250,JKPAPER.NS
JM Financial Ltd.,Financial Services,JMFINANCIL,EQ,SMALL CAP 250,JMFINANCIL.NS
Jamna Auto Industries Ltd.,Automobile and Auto Components,JAMNAAUTO,EQ,SMALL CAP 250,JAMNAAUTO.NS
Jindal Stainless Ltd.,Metals & Mining,JSL,EQ,SMALL CAP 250,JSL.NS
Jubilant Ingrevia Ltd.,Chemicals,JUBLINGREA,EQ,SMALL CAP 250,JUBLINGREA.NS
Jubilant Pharmova Ltd.,Healthcare,JUBLPHARMA,EQ,SMALL CAP 250,JUBLPHARMA.NS
Justdial Ltd.,Consumer Services,JUSTDIAL,EQ,SMALL CAP 250,JUSTDIAL.NS
Jyothy Labs Ltd.,Fast Moving Consumer Goods,JYOTHYLAB,EQ,SMALL CAP 250,JYOTHYLAB.NS
K.P.R. Mill Ltd.,Textiles,KPRMILL,EQ,SMALL CAP 250,KPRMILL.NS
KEI Industries Ltd.,Capital Goods,KEI,EQ,SMALL CAP 250,KEI.NS
KNR Constructions Ltd.,Construction,KNRCON,EQ,SMALL CAP 250,KNRCON.NS
KPIT Technologies Ltd.,Information Technology,KPITTECH,EQ,SMALL CAP 250,KPITTECH.NS
KRBL Ltd.,Fast Moving Consumer Goods,KRBL,EQ,SMALL CAP 250,KRBL.NS
Kalpataru Power Transmission Ltd.,Construction,KALPATPOWR,EQ,SMALL CAP 250,KALPATPOWR.NS
Kalyan Jewellers India Ltd.,Consumer Durables,KALYANKJIL,EQ,SMALL CAP 250,KALYANKJIL.NS
Karur Vysya Bank Ltd.,Financial Services,KARURVYSYA,EQ,SMALL CAP 250,KARURVYSYA.NS
Kec International Ltd.,Capital Goods,KEC,EQ,SMALL CAP 250,KEC.NS
Krishna Institute of Medical Sciences Ltd.,Healthcare,KIMS,EQ,SMALL CAP 250,KIMS.NS
Lakshmi Machine Works Ltd.,Capital Goods,LAXMIMACH,EQ,SMALL CAP 250,LAXMIMACH.NS
Latent View Analytics Ltd.,Information Technology,LATENTVIEW,EQ,SMALL CAP 250,LATENTVIEW.NS
Laxmi Organic Industries Ltd.,Chemicals,LXCHEM,EQ,SMALL CAP 250,LXCHEM.NS
Lux Industries Ltd.,Textiles,LUXIND,EQ,SMALL CAP 250,LUXIND.NS
MMTC Ltd.,Services,MMTC,EQ,SMALL CAP 250,MMTC.NS
MOIL Ltd.,Metals & Mining,MOIL,EQ,SMALL CAP 250,MOIL.NS
MTAR Technologies Ltd.,Capital Goods,MTARTECH,EQ,SMALL CAP 250,MTARTECH.NS
Mahanagar Gas Ltd.,Oil Gas & Consumable Fuels,MGL,EQ,SMALL CAP 250,MGL.NS
Mahindra CIE Automotive Ltd.,Automobile and Auto Components,MAHINDCIE,EQ,SMALL CAP 250,MAHINDCIE.NS
Mahindra Holidays & Resorts India Ltd.,Consumer Services,MHRIL,EQ,SMALL CAP 250,MHRIL.NS
Mahindra Logistics Ltd.,Services,MAHLOG,EQ,SMALL CAP 250,MAHLOG.NS
Mangalore Refinery & Petrochemicals Ltd.,Oil Gas & Consumable Fuels,MRPL,EQ,SMALL CAP 250,MRPL.NS
Mastek Ltd.,Information Technology,MASTEK,EQ,SMALL CAP 250,MASTEK.NS
Mazagoan Dock Shipbuilders Ltd.,Capital Goods,MAZDOCK,EQ,SMALL CAP 250,MAZDOCK.NS
Medplus Health Services Ltd.,Consumer Services,MEDPLUS,EQ,SMALL CAP 250,MEDPLUS.NS
Metro Brands Ltd.,Consumer Durables,METROBRAND,EQ,SMALL CAP 250,METROBRAND.NS
Motilal Oswal Financial Services Ltd.,Financial Services,MOTILALOFS,EQ,SMALL CAP 250,MOTILALOFS.NS
Multi Commodity Exchange of India Ltd.,Financial Services,MCX,EQ,SMALL CAP 250,MCX.NS
NBCC (India) Ltd.,Construction,NBCC,EQ,SMALL CAP 250,NBCC.NS
NCC Ltd.,Construction,NCC,EQ,SMALL CAP 250,NCC.NS
NESCO Ltd.,Services,NESCO,EQ,SMALL CAP 250,NESCO.NS
NLC India Ltd.,Power,NLCINDIA,EQ,SMALL CAP 250,NLCINDIA.NS
NOCIL Ltd.,Chemicals,NOCIL,EQ,SMALL CAP 250,NOCIL.NS
Narayana Hrudayalaya Ltd.,Healthcare,NH,EQ,SMALL CAP 250,NH.NS
Nazara Technologies Ltd.,Media Entertainment & Publication,NAZARA,EQ,SMALL CAP 250,NAZARA.NS
Network18 Media & Investments Ltd.,Media Entertainment & Publication,NETWORK18,EQ,SMALL CAP 250,NETWORK18.NS
Orient Electric Ltd.,Consumer Durables,ORIENTELEC,EQ,SMALL CAP 250,ORIENTELEC.NS
PCBL Ltd.,Chemicals,PCBL,EQ,SMALL CAP 250,PCBL.NS
PNB Housing Finance Ltd.,Financial Services,PNBHOUSING,EQ,SMALL CAP 250,PNBHOUSING.NS
PNC Infratech Ltd.,Construction,PNCINFRA,EQ,SMALL CAP 250,PNCINFRA.NS
PVR Ltd.,Media Entertainment & Publication,PVR,EQ,SMALL CAP 250,PVR.NS
Poly Medicure Ltd.,Healthcare,POLYMED,EQ,SMALL CAP 250,POLYMED.NS
Polyplex Corporation Ltd.,Capital Goods,POLYPLEX,EQ,SMALL CAP 250,POLYPLEX.NS
Poonawalla Fincorp Ltd.,Financial Services,POONAWALLA,EQ,SMALL CAP 250,POONAWALLA.NS
Praj Industries Ltd.,Capital Goods,PRAJIND,EQ,SMALL CAP 250,PRAJIND.NS
Prince Pipes and Fittings Ltd.,Capital Goods,PRINCEPIPE,EQ,SMALL CAP 250,PRINCEPIPE.NS
Prism Johnson Ltd.,Construction Materials,PRSMJOHNSN,EQ,SMALL CAP 250,PRSMJOHNSN.NS
Privi Speciality Chemicals Ltd.,Chemicals,PRIVISCL,EQ,SMALL CAP 250,PRIVISCL.NS
Procter & Gamble Health Ltd.,Healthcare,PGHL,EQ,SMALL CAP 250,PGHL.NS
Quess Corp Ltd.,Services,QUESS,EQ,SMALL CAP 250,QUESS.NS
RBL Bank Ltd.,Financial Services,RBLBANK,EQ,SMALL CAP 250,RBLBANK.NS
RHI MAGNESITA INDIA LTD.,Capital Goods,RHIM,EQ,SMALL CAP 250,RHIM.NS
RITES Ltd.,Construction,RITES,EQ,SMALL CAP 250,RITES.NS
Radico Khaitan Ltd,Fast Moving Consumer Goods,RADICO,EQ,SMALL CAP 250,RADICO.NS
Rail Vikas Nigam Ltd.,Construction,RVNL,EQ,SMALL CAP 250,RVNL.NS
Railtel Corporation Of India Ltd.,Telecommunication,RAILTEL,EQ,SMALL CAP 250,RAILTEL.NS
Rain Industries Ltd,Chemicals,RAIN,EQ,SMALL CAP 250,RAIN.NS
Rallis India Ltd.,Chemicals,RALLIS,EQ,SMALL CAP 250,RALLIS.NS
Rashtriya Chemicals & Fertilizers Ltd.,Chemicals,RCF,EQ,SMALL CAP 250,RCF.NS
Ratnamani Metals & Tubes Ltd.,Capital Goods,RATNAMANI,EQ,SMALL CAP 250,RATNAMANI.NS
RattanIndia Enterprises Ltd.,Services,RTNINDIA,EQ,SMALL CAP 250,RTNINDIA.NS
Redington (India) Ltd.,Services,REDINGTON,EQ,SMALL CAP 250,REDINGTON.NS
Restaurant Brands Asia Ltd.,Consumer Services,RBA,EQ,SMALL CAP 250,RBA.NS
Rossari Biotech Ltd.,Chemicals,ROSSARI,EQ,SMALL CAP 250,ROSSARI.NS
Route Mobile Ltd.,Telecommunication,ROUTE,EQ,SMALL CAP 250,ROUTE.NS
SIS Ltd.,Services,SIS,EQ,SMALL CAP 250,SIS.NS
SJVN Ltd.,Power,SJVN,EQ,SMALL CAP 250,SJVN.NS
Sapphire Foods India Ltd.,Consumer Services,SAPPHIRE,EQ,SMALL CAP 250,SAPPHIRE.NS
Saregama India Ltd,Media Entertainment & Publication,SAREGAMA,EQ,SMALL CAP 250,SAREGAMA.NS
Sequent Scientific Ltd.,Healthcare,SEQUENT,EQ,SMALL CAP 250,SEQUENT.NS
Sheela Foam Ltd.,Consumer Durables,SFL,EQ,SMALL CAP 250,SFL.NS
Shilpa Medicare Ltd.,Healthcare,SHILPAMED,EQ,SMALL CAP 250,SHILPAMED.NS
Shipping Corporation of India Ltd.,Services,SCI,EQ,SMALL CAP 250,SCI.NS
Shree Renuka Sugars Ltd.,Fast Moving Consumer Goods,RENUKA,EQ,SMALL CAP 250,RENUKA.NS
Shriram City Union Finance Ltd.,Financial Services,SHRIRAMCIT,EQ,SMALL CAP 250,SHRIRAMCIT.NS
Shyam Metalics and Energy Ltd.,Metals & Mining,SHYAMMETL,EQ,SMALL CAP 250,SHYAMMETL.NS
Sobha Ltd.,Realty,SOBHA,EQ,SMALL CAP 250,SOBHA.NS
Solara Active Pharma Sciences Ltd.,Healthcare,SOLARA,EQ,SMALL CAP 250,SOLARA.NS
Sonata Software Ltd.,Information Technology,SONATSOFTW,EQ,SMALL CAP 250,SONATSOFTW.NS
Spicejet Ltd.,Services,SPICEJET,EQ,SMALL CAP 250,SPICEJET.NS
Sterling and Wilson Renewable Energy Ltd.,Construction,SWSOLAR,EQ,SMALL CAP 250,SWSOLAR.NS
Sterlite Technologies Ltd.,Telecommunication,STLTECH,EQ,SMALL CAP 250,STLTECH.NS
Strides Pharma Science Ltd.,Healthcare,STAR,EQ,SMALL CAP 250,STAR.NS
Sudarshan Chemical Industries Ltd.,Chemicals,SUDARSCHEM,EQ,SMALL CAP 250,SUDARSCHEM.NS
Sun Pharma Advanced Research Company Ltd.,Healthcare,SPARC,EQ,SMALL CAP 250,SPARC.NS
Sunteck Realty Ltd.,Realty,SUNTECK,EQ,SMALL CAP 250,SUNTECK.NS
Suprajit Engineering Ltd.,Automobile and Auto Components,SUPRAJIT,EQ,SMALL CAP 250,SUPRAJIT.NS
Suven Pharmaceuticals Ltd.,Healthcare,SUVENPHAR,EQ,SMALL CAP 250,SUVENPHAR.NS
Suzlon Energy Ltd.,Capital Goods,SUZLON,EQ,SMALL CAP 250,SUZLON.NS
Symphony Ltd.,Consumer Durables,SYMPHONY,EQ,SMALL CAP 250,SYMPHONY.NS
TCI Express Ltd.,Services,TCIEXP,EQ,SMALL CAP 250,TCIEXP.NS
TCNS Clothing Co. Ltd.,Textiles,TCNSBRANDS,EQ,SMALL CAP 250,TCNSBRANDS.NS
TTK Prestige Ltd.,Consumer Durables,TTKPRESTIG,EQ,SMALL CAP 250,TTKPRESTIG.NS
TV18 Broadcast Ltd.,Media Entertainment & Publication,TV18BRDCST,EQ,SMALL CAP 250,TV18BRDCST.NS
Tanla Platforms Ltd.,Information Technology,TANLA,EQ,SMALL CAP 250,TANLA.NS
Tata Coffee Ltd.,Fast Moving Consumer Goods,TATACOFFEE,EQ,SMALL CAP 250,TATACOFFEE.NS
Tata Investment Corporation Ltd.,Financial Services,TATAINVEST,EQ,SMALL CAP 250,TATAINVEST.NS
Tata Steel Long Products Ltd.,Capital Goods,TATASTLLP,EQ,SMALL CAP 250,TATASTLLP.NS
Teamlease Services Ltd.,Services,TEAMLEASE,EQ,SMALL CAP 250,TEAMLEASE.NS
Thyrocare Technologies Ltd.,Healthcare,THYROCARE,EQ,SMALL CAP 250,THYROCARE.NS
Timken India Ltd.,Capital Goods,TIMKEN,EQ,SMALL CAP 250,TIMKEN.NS
Triveni Engineering & Industries Ltd.,Fast Moving Consumer Goods,TRIVENI,EQ,SMALL CAP 250,TRIVENI.NS
Triveni Turbine Ltd.,Capital Goods,TRITURBINE,EQ,SMALL CAP 250,TRITURBINE.NS
UCO Bank,Financial Services,UCOBANK,EQ,SMALL CAP 250,UCOBANK.NS
UFLEX Ltd.,Capital Goods,UFLEX,EQ,SMALL CAP 250,UFLEX.NS
UTI Asset Management Company Ltd.,Financial Services,UTIAMC,EQ,SMALL CAP 250,UTIAMC.NS
V-Guard Industries Ltd.,Consumer Durables,VGUARD,EQ,SMALL CAP 250,VGUARD.NS
V-Mart Retail Ltd.,Consumer Services,VMART,EQ,SMALL CAP 250,VMART.NS
V.I.P. Industries Ltd.,Consumer Durables,VIPIND,EQ,SMALL CAP 250,VIPIND.NS
Vaibhav Global Ltd.,Consumer Services,VAIBHAVGBL,EQ,SMALL CAP 250,VAIBHAVGBL.NS
Vakrangee Ltd.,Information Technology,VAKRANGEE,EQ,SMALL CAP 250,VAKRANGEE.NS
Vardhman Textiles Ltd.,Textiles,VTL,EQ,SMALL CAP 250,VTL.NS
Varroc Engineering Ltd.,Automobile and Auto Components,VARROC,EQ,SMALL CAP 250,VARROC.NS
Venky's (India) Ltd.,Fast Moving Consumer Goods,VENKEYS,EQ,SMALL CAP 250,VENKEYS.NS
Vijaya Diagnostic Centre Ltd.,Healthcare,VIJAYA,EQ,SMALL CAP 250,VIJAYA.NS
Welspun Corp Ltd.,Capital Goods,WELCORP,EQ,SMALL CAP 250,WELCORP.NS
Welspun India Ltd.,Textiles,WELSPUNIND,EQ,SMALL CAP 250,WELSPUNIND.NS
Westlife Development Ltd.,Consumer Services,WESTLIFE,EQ,SMALL CAP 250,WESTLIFE.NS
Wockhardt Ltd.,Healthcare,WOCKPHARMA,EQ,SMALL CAP 250,WOCKPHARMA.NS
Zensar Technolgies Ltd.,Information Technology,ZENSARTECH,EQ,SMALL CAP 250,ZENSARTECH.NS
Zydus Wellness Ltd.,Fast Moving Consumer Goods,ZYDUSWELL,EQ,SMALL CAP 250,ZYDUSWELL.NS
eClerx Services Ltd.,Services,ECLERX,EQ,SMALL CAP 250,ECLERX.NS
Tata Motors Ltd DVR,Automobile and Auto Components,TATAMTRDVR,EQ,N500,TATAMTRDVR.NS
Edelweiss Exchange Traded Scheme - NIFTY,NIFTY 50 Index,NIFTYEES,ETF,ETF - Equity,NIFTYEES.NS
ICICI Prudential NIFTY ETF,NIFTY 50 Index,INIFTY,ETF,ETF - Equity,INIFTY.NS
Kotak NIFTY ETF,NIFTY 50 Index,KOTAKNIFTY,ETF,ETF - Equity,KOTAKNIFTY.NS
MOSt Shares M50,NIFTY 50 Index,M50,ETF,ETF - Equity,M50.NS
Quantum Index Fund - Growth,NIFTY 50 Index,QNIFTY,ETF,ETF - Equity,QNIFTY.NS
Religare Invesco NIFTY ETF,NIFTY 50 Index,RELGRNIFTY,ETF,ETF - Equity,RELGRNIFTY.NS
SBI ETF NIFTY,NIFTY 50 Index,SETFNIFTY,ETF,ETF - Equity,SETFNIFTY.NS
UTI NIFTY ETF,NIFTY 50 Index,UTINIFTETF,ETF,ETF - Equity,UTINIFTETF.NS
Birla Sun Life NIFTY ETF,NIFTY 50  Index,BSLNIFTY,ETF,ETF - Equity,BSLNIFTY.NS
ICICI Prudential CNX 100 ETF,NIFTY 100,ICNX100,ETF,ETF - Equity,ICNX100.NS
Kotak Banking ETF,NIFTY Bank,KOTAKBKETF,ETF,ETF - Equity,KOTAKBKETF.NS
SBI ETF Banking,NIFTY Bank,SETFBANK,ETF,ETF - Equity,SETFBANK.NS
MOSt Shares M100,NIFTY Midcap 100,M100,ETF,ETF - Equity,M100.NS
SBI ETF NIFTY Junior,NIFTY Next 50,SETFNIFJR,ETF,ETF - Equity,SETFNIFJR.NS
Kotak PSU Bank ETF,NIFTY PSU BANK,KOTAKPSUBK,ETF,ETF - Equity,KOTAKPSUBK.NS
ICICI SENSEX Prudential Exchange Traded Fund,S&P BSE Sensex,ISENSEX,ETF,ETF - Equity,ISENSEX.NS
UTI Sensex ETF,S&P BSE Sensex,UTISENSETF,ETF,ETF - Equity,UTISENSETF.NS
Reliance ETF NIFTY BeES,NIFTY 50 Index,NIFTYBEES,ETF,ETF - Common,NIFTYBEES.NS
Reliance ETF NIFTY 100,NIFTY 100,RELCNX100,ETF,ETF - Common,RELCNX100.NS
Reliance ETF Bank BeES,NIFTY Bank,BANKBEES,ETF,ETF - Common,BANKBEES.NS
CPSE ETF,NIFTY CPSE Index,CPSEETF,ETF,ETF - Common,CPSEETF.NS
Reliance ETF Dividend Opportunities,NIFTY Dividend Opportunities 50,RELDIVOPP,ETF,ETF - Common,RELDIVOPP.NS
Reliance ETF Consumption,NIFTY India Consumption,RELCONS,ETF,ETF - Common,RELCONS.NS
Reliance ETF Infra BeES,NIFTY Infrastructure,INFRABEES,ETF,ETF - Common,INFRABEES.NS
Reliance ETF Junior BeES,NIFTY Next 50,JUNIORBEES,ETF,ETF - Common,JUNIORBEES.NS
Reliance ETF PSU Bank BeES,NIFTY PSU BANK,PSUBNKBEES,ETF,ETF - Common,PSUBNKBEES.NS
BHARAT 22 ETF,S&P BSE BHARAT 22 index,BHARATIWIN,ETF,ETF - Common,BHARATIWIN.NS
Axis Gold ETF,Gold,AXISGOLD,ETF,ETF- Gold,AXISGOLD.NS
Birla Sun Life Gold ETF,Gold,BSLGOLDETF,ETF,ETF- Gold,BSLGOLDETF.NS
Canara Robeco Gold ETF,Gold,CANGOLD,ETF,ETF- Gold,CANGOLD.NS
HDFC Gold Exchange Traded Fund,Gold,HDFCMFGETF,ETF,ETF- Gold,HDFCMFGETF.NS
ICICI Prudential Gold Exchange Traded Fund,Gold,IPGETF,ETF,ETF- Gold,IPGETF.NS
IDBI Gold ETF,Gold,IDBIGOLD,ETF,ETF- Gold,IDBIGOLD.NS
Kotak Gold Exchange Traded Fund,Gold,KOTAKGOLD,ETF,ETF- Gold,KOTAKGOLD.NS
Quantum Gold Fund (an ETF),Gold,QGOLDHALF,ETF,ETF- Gold,QGOLDHALF.NS
Reliance Gold Exchange Traded Fund,Gold,RELGOLD,ETF,ETF- Gold,RELGOLD.NS
Religare Gold Exchange Traded Fund,Gold,RELIGAREGO,ETF,ETF- Gold,RELIGAREGO.NS
SBI Gold Exchange Traded Scheme,Gold,SBIGETS,ETF,ETF- Gold,SBIGETS.NS
UTI GOLD Exchange Traded Fund,Gold,GOLDSHARE,ETF,ETF- Gold,GOLDSHARE.NS
Reliance ETF Shariah BeES,NIFTY50 Shariah Index,SHARIABEES,ETF,ETF - Common,SHARIABEES.NS
Reliance ETF NV20,NIFTY50 Value 20 Index,RELNV20,ETF,ETF - Common,RELNV20.NS
Reliance ETF Hang Seng BeES,HangSeng,HNGSNGBEES,ETF,ETF - Common,HNGSNGBEES.NS
Reliance ETF Liquid BeES,NIFTY 1 D rate Index,LIQUIDBEES,ETF,ETF - Common,LIQUIDBEES.NS
Reliance ETF Long Term Gilt,NIFTY 4-8 yr G-Sec Index,RRSLGETF,ETF,ETF - Common,RRSLGETF.NS
Reliance ETF Gold BeES,Gold,GOLDBEES,ETF,ETF - Common,GOLDBEES.NS
MOSt Shares NASDAQ 100,Nasdaq 100,N100,ETF,ETF- World,N100.NS
LIC Nomura MF G-Sec Long Term ETF - Reg - Growth,Nifty 8-13 yr G-Sec Index,LICNMFET,ETF,ETF- Debt,LICNMFET.NS
